{
	"U.A.T.F.": [
		{"character": "Facultad de Artes", "realName": "Potosí"},
		{"character": "Facultad de Ciencias Agrícolas y Pecuarias", "realName": "Potosí"},
		{"character": "Facultad de Ciencias de la Salud", "realName": "Potosí"},
		{"character": "Facultad de Ciencias Económicas Financieras y Administrativas", "realName": "Potosí"},
		{"character": "Facultad de Ciencias Puras", "realName": "Potosí"},
		{"character": "Facultad de Ciencias Sociales y Humanísticas", "realName": "Potosí"},
		{"character": "Facultad de Ingeniería", "realName": "Potosí"},
		{"character": "Facultad de Ingeniería Geológica", "realName": "Potosí"},
		{"character": "Facultad de Ingeniería Minera", "realName": "Potosí"},
		{"character": "Facultad de Medicina", "realName": "Potosí"},
		{"character": "Facultad de Derecho", "realName": "Potosí"},
		{"character": "Facultad Tegnológica", "realName": "Potosí"}
	]
}