{
    "U.A.T.F. Potosí": [
        {"character": "Artes Musicales", "realName": "Potosí"},
        {"character": "Artes Plásticas", "realName": "Potosí"},
        {"character": "Ingeniería Agroindustrial", "realName": "Potosí"},
        {"character": "Ingeniería Agronómica", "realName": "Potosí"},
        {"character": "Ingeniería en Desarrollo Rural", "realName": "Potosí"},
        {"character": "Enfermería", "realName": "Potosí"},
        {"character": "Administración de Empresas", "realName": "Potosí"},
        {"character": "Contabilidad y Finanzas", "realName": "Potosí"},
        {"character": "Contaduría Pública", "realName": "Potosí"},
        {"character": "Economía", "realName": "Potosí"},
        {"character": "Estadística", "realName": "Potosí"},
        {"character": "Física", "realName": "Potosí"},
        {"character": "Ingeniería Informática", "realName": "Potosí"},
        {"character": "Matemática", "realName": "Potosí"},
        {"character": "Química", "realName": "Potosí"},
        {"character": "Linguística e Idiomas", "realName": "Potosí"},
        {"character": "Trabajo Social", "realName": "Potosí"},
        {"character": "Turismo", "realName": "Potosí"},
        {"character": "Construcciones Civiles", "realName": "Potosí"},
        {"character": "Geodecia y Topografía", "realName": "Potosí"},
        {"character": "Derecho", "realName": "Potosí"},
        {"character": "Ingeniería Civil", "realName": "Potosí"},
        {"character": "Ingeniería de Sistemas", "realName": "Potosí"},
        {"character": "Ingeniería del Medio Ambiente", "realName": "Potosí"},
        {"character": "Ingeniería Geológica", "realName": "Potosí"},
        {"character": "Ing de Procesos de Mat Primas Min", "realName": "Potosí"},
        {"character": "Ingeniería Minera", "realName": "Potosí"},
        {"character": "Medicina", "realName": "Potosí"},
        {"character": "Ingeniería Eléctrica", "realName": "Potosí"},
        {"character": "Ingeniería Electrónica", "realName": "Potosí"},
        {"character": "Ingeniería Mecánica", "realName": "Potosí"},
        {"character": "Ingeniería Mecatrónica", "realName": "Potosí"},
        {"character": "Ingeniería Automotriz", "realName": "Potosí"}
    ],
    "U.A.T.F. Villazón": [
        
        {"character": "Ingeniería Agropecuaria-Villazón", "realName": "Villazón"},
        {"character": "Enfermería-Villazón", "realName": "Villazón"}
        
    ],
    "U.A.T.F. Tupiza": 
    [
        {"character": "Contaduría Pública-Tupiza", "realName": "Tupiza"},
        {"character": "Med Veterinaria y Zootécnia-Tupiza", "realName": "Tupiza"}
    ],
    "U.A.T.F. Uncia": 
    [
        {"character": "Economía-Uncia", "realName": "Uncia"},
        {"character": "Trabajo Social-Uncia", "realName": "Uncia"}
    ],
    "U.A.T.F. Uyuni": 
    [
        {"character": "Linguística e Idiomas-Uyuni", "realName": "Uyuni"},
        {"character": "Economía-Uyuni", "realName": "Uyuni"},
        {"character": "Turismo-Uyuni", "realName": "Uyuni"}
    ]
}