{
    "Potosí": [
        {"character": "Sacaca", "realName": "Provincia de Alonso de Ibáñez"},
        {"character": "Caripuyo", "realName": "Provincia de Alonso de Ibáñez"},
        {"character": "Uyuni", "realName": "Provincia de Antonio Quijarro"},
        {"character": "Porco", "realName": "Provincia de Antonio Quijarro"},
        {"character": "Tomave", "realName": "Provincia de Antonio Quijarro"},
        {"character": "Arampampa", "realName": "Provincia de Bernardino Bilbao"},
        {"character": "Acasio", "realName": "Provincia de Bernardino Bilbao"},
        {"character": "San Pedro de Buena Vista", "realName": "Provincia de Charcas"},
        {"character": "Toro Toro", "realName": "Provincia de Charcas"},
        {"character": "Colquechaca", "realName": "Provincia de Chayanta"},
        {"character": "Ocurí", "realName": "Provincia de Chayanta"},
        {"character": "Pocoata", "realName": "Provincia de Chayanta"},
        {"character": "Ravelo", "realName": "Provincia de Chayanta"},
        {"character": "Betanzos", "realName": "Provincia de Cornelio Saavedra"},
        {"character": "Chaquí", "realName": "Provincia de Cornelio Saavedra"},
        {"character": "Tacobamba", "realName": "Provincia de Cornelio Saavedra"},
        {"character": "Tahua", "realName": "Provincia de Daniel Campos"},
        {"character": "Llica", "realName": "Provincia de Daniel Campos"},
        {"character": "San Agustín", "realName": "Provincia de Enrique Baldivieso"},
        {"character": "Puna", "realName": "Provincia de José María Linares"},
        {"character": "Caiza  D", "realName": "Provincia de José María Linares"},
        {"character": "Ckochas", "realName": "Provincia de José María Linares"},
        {"character": "Villazón", "realName": "Provincia de Modesto Omiste"},
        {"character": "San Pedro de Quemes ", "realName": "Provincia de Nor Lípez"},
        {"character": "Colcha K", "realName": "Provincia de Provincia de Nor Lípez"},
        {"character": "Cotagaita", "realName": "Provincia de Nor Chichas"},
        {"character": "Cotagaita", "realName": "Provincia de Nor Chichas"},
        {"character": "Uncía", "realName": "Provincia de Rafael Bustillo"},
        {"character": "Chayanta", "realName": "Provincia de Rafael Bustillo"},
        {"character": "Llallagua", "realName": "Provincia de Rafael Bustillo"},
        {"character": "Chuquiuta", "realName": "Provincia de Rafael Bustillo"},
        {"character": "Tupiza", "realName": "Provincia de Sud Chichas"},
        {"character": "Atocha", "realName": "Provincia de Sud Chichas"},
        {"character": "San Pablo de Lipez", "realName": "Provincia de Sud Lípez"},
        {"character": "Mojinete", "realName": "Provincia de Sud Lípez"},
        {"character": "San Antonio de Esmoruco", "realName": "Provincia de Sud Lípez"},
    ],
    "Pando": [
        
        {"character": "Santa Rosa del Abuná ", "realName": "Provincia de Abuná"},
        {"character": "Ingavi (Humaita)", "realName": "Provincia de Abuná"},
        {"character": "Nueva Esperanza", "realName": "Provincia de Federico Román"},
        {"character": "Santos Mercado", "realName": "Provincia de Federico Román"},
        {"character": "Villa Nueva", "realName": "Provincia de Federico Román"},
        {"character": "Puerto Gonzalo Moreno", "realName": "Provincia de Madre de Dios"},
        {"character": "San Lorenzo (Blanca Flor)", "realName": "Provincia de Madre de Dios"},
        {"character": "Sena", "realName": "Provincia de Madre de Dios"},
        {"character": "Puerto Rico", "realName": "Provincia de Manuripi"},
        {"character": "Filadelfia", "realName": "Provincia de Manuripi"},
        {"character": "San Pedro", "realName": "Provincia de Manuripi"},
        {"character": "Cobija", "realName": "Provincia de Nicolás Suárez"},
        {"character": "Porvenir", "realName": "Provincia de Nicolás Suárez"},
        {"character": "Bella Flor", "realName": "Provincia de Nicolás Suárez"},
        {"character": "Bolpebra", "realName": "Provincia de Nicolás Suárez"},
        
    ],
    "Oruro": 
    [
        {"character": "Sabaya", "realName": "Provincia de Atahuallpa"},
        {"character": "Corque", "realName": "Provincia de Atahuallpa"},
        {"character": "Oruro", "realName": "Provincia de Atahuallpa"},
        {"character": "Challapata", "realName": "Provincia de Carangas"},
        {"character": "Salinas de Garcí Mendoza", "realName": "Provincia de Carangas"},
        {"character": "Huachacalla", "realName": "Provincia de Cercado"},
        {"character": "La Rivera", "realName": "Provincia de Cercado"},
        {"character": "Huayllamarca", "realName": "Provincia de Cercado"},
        {"character": "Huanuni", "realName": "Provincia de Cercado"},
        {"character": "Poopó", "realName": "Provincia de Eduardo Avaroa"},
        {"character": "Curahuara de Carangas", "realName": "Provincia de Eduardo Avaroa"},
        {"character": "Totora", "realName": "Provincia de Ladislao Cabrera"},
        {"character": "Toledo", "realName": "Provincia de Ladislao Cabrera"},
        {"character": "Santiago de Huari", "realName": "Provincia de Litoral"},
        {"character": "Santiago de Andamarca", "realName": "Provincia de Litoral"},
        {"character": "Huachacalla", "realName": "Provincia de Litoral"},
        {"character": "Cruz de Machacamarca", "realName": "Provincia de Litoral"},
        {"character": "Escara", "realName": "Provincia de Litoral"},
        {"character": "Esmeralda", "realName": "Provincia de Litoral"},
        {"character": "Yunguyo del Litoral", "realName": "Provincia de Litoral"},
        {"character": "Santiago de Huayllamarca", "realName": "Provincia de Nor Carangas"},
        {"character": "Villa Huanuni", "realName": "Provincia de Pantaleón Dalence"},
        {"character": "Machacamarca", "realName": "Provincia de Pantaleón Dalence"},
        {"character": "Villa Poopó", "realName": "Provincia de Poopó"},
        {"character": "Antequera", "realName": "Provincia de Poopó"},
        {"character": "Pazña", "realName": "Provincia de Poopó"},
        {"character": "La Rivera", "realName": "Provincia de Puerto de Mejillones"},
        {"character": "Carangas", "realName": "Provincia de Puerto de Mejillones"},
        {"character": "Todos Santos", "realName": "Provincia de Puerto de Mejillones"},
        {"character": "Curahuara de Carangas", "realName": "Provincia de Sajama"},
        {"character": "Turco", "realName": "Provincia de Sajama"},
        {"character": "Totora", "realName": "Provincia de San Pedro de Totora"},
        {"character": "Eucaliptus", "realName": "Provincia de Saucarí"},
        {"character": "Eucaliptus", "realName": "Provincia de Litoral"},
        {"character": "Eucaliptus", "realName": "Provincia de Litoral"},
        {"character": "Eucaliptus", "realName": "Provincia de Litoral"},
        {"character": "Toledo", "realName": "Provincia de Litoral"},
        {"character": "Santiago de Huari", "realName": "Provincia de Sebastián Pagador"},
        {"character": "Belén de Andamarca", "realName": "Provincia de Sud Carangas"},
        {"character": "Andamarca", "realName": "Provincia de Sud Carangas"},
        {"character": "Eucaliptus ", "realName": " Provincia de Tomás Barrón"},
    ],
    "La Paz": 
    [
        {"character": "Ixiamas", "realName": "Provincia de Abel Iturralde"},
        {"character": "San Buena Ventura", "realName": "Provincia de Abel Iturralde"},
        {"character": "Sica Sica", "realName": "Provincia de Aroma"},
        {"character": "Ayo Ayo ", "realName": "Provincia de Aroma"},
        {"character": "Calamarca", "realName": "Provincia de Aroma"},
        {"character": "Collana", "realName": "Provincia de Aroma"},
        {"character": "Colquencha", "realName": "Provincia de Aroma"},
        {"character": "Patacamaya", "realName": "Provincia de Aroma"},
        {"character": "Umala", "realName": "Provincia de Aroma"},
        {"character": "General Juan José Pérez (Charazani)", "realName": "Provincia de Bautista Saavedra"},
        {"character": "Curva", "realName": "Provincia de Bautista Saavedra"},
        {"character": "Puerto Acosta ", "realName": "Provincia de Camacho"},
        {"character": "Mocomoco", "realName": "Provincia de Camacho"},
        {"character": "Puerto Carabuco", "realName": "Provincia de Camacho"},
        {"character": "Escoma", "realName": "Provincia de Camacho"},
        {"character": "Humanata", "realName": "Provincia de Camacho"},
        {"character": "Caranavi", "realName": "Provincia de Caranavi"},
        {"character": "Alto Beni", "realName": "Provincia de Caranavi"},
        {"character": "Apolo", "realName": "Provincia de Franz Tamayo"},
        {"character": "San Pedro de CurahuaraProvincia de Inquisivi", "realName": "Provincia de Gualberto Villarroel"},
        {"character": "Chacarilla", "realName": "Provincia de Gualberto Villarroel"},
        {"character": "Papel Pampa", "realName": "Provincia de Gualberto Villarroel"},
        {"character": "Viacha ", "realName": "Provincia de Ingavi"},
        {"character": "Andrés de Machaca", "realName": "Provincia de Ingavi"},
        {"character": "Desaguadero  ", "realName": "Provincia de Ingavi"},
        {"character": "Guaqui ", "realName": "Provincia de Ingavi"},
        {"character": "Jesús de Machaca", "realName": "Provincia de Ingavi"},
        {"character": "Taraco", "realName": "Provincia de Ingavi"},
        {"character": "Tiahuanaco", "realName": "Provincia de Ingavi"},
        {"character": "Inquisivi ", "realName": "Provincia de Inquisivi"},
        {"character": "Cajuata ", "realName": "Provincia de Inquisivi"},
        {"character": "Colquiri ", "realName": "Provincia de Inquisivi"},
        {"character": "Ichoca ", "realName": "Provincia de Inquisivi"},
        {"character": "Licoma Pampa  ", "realName": "Provincia de Inquisivi"},
        {"character": "Quime ", "realName": "Provincia de Inquisivi"},
        {"character": "Santiago de Machaca", "realName": "Provincia de José Manuel Pando"},
        {"character": "Catacora ", "realName": "Provincia de José Manuel Pando"},
        {"character": "Sorata", "realName": "Provincia de Larecaja"},
        {"character": "Combaya", "realName": "Provincia de Larecaja"},
        {"character": "Guanay", "realName": "Provincia de Larecaja"},
        {"character": "Mapiri", "realName": "Provincia de Larecaja"},
        {"character": "Quiabaya", "realName": "Provincia de Larecaja"},
        {"character": "Tacacoma", "realName": "Provincia de Larecaja"},
        {"character": "Teoponte ", "realName": "Provincia de Larecaja"},
        {"character": "Tipuani ", "realName": "Provincia de Larecaja"},
        {"character": "Luribay ", "realName": "Provincia de Loayza"},
        {"character": "Cairoma ", "realName": "Provincia de Loayza"},
        {"character": "Malla ", "realName": "Provincia de Loayza"},
        {"character": "Sapahaqui ", "realName": "Provincia de Loayza"},
        {"character": "Yaco  ", "realName": "Provincia de Loayza"},
        {"character": "Pucarani", "realName": "Provincia de Los Andes"},
        {"character": "Batallas ", "realName": "Provincia de Los Andes"},
        {"character": "Laja ", "realName": "Provincia de Los Andes"},
        {"character": "Puerto Pérez  ", "realName": "Provincia de Los Andes"},
        {"character": "Copacabana ", "realName": "Provincia de Manco Kapac"},
        {"character": "San Pedro de Tiquina", "realName": "Provincia de Manco Kapac"},
        {"character": "Tito Yupanqui", "realName": "Provincia de Manco Kapac"},
    ],
    "Cochabamba": 
    [
        {"character": "Arani", "realName": "Cochabamba"},
        {"character": "Tarata", "realName": "Cochabamba"},
        {"character": "Arque", "realName": "Cochabamba"},
        {"character": "Villa Independencia", "realName": "Cochabamba"},
        {"character": "Aiquile", "realName": "Cochabamba"},
        {"character": "Villa Capinota", "realName": "Cochabamba"},
        {"character": "Cochabamba", "realName": "Cochabamba"},
        {"character": "Totora", "realName": "Cochabamba"},
        {"character": "Villa Cliza", "realName": "Cochabamba"},
        {"character": "Sacaba", "realName": "Cochabamba"},
        {"character": "Mizque", "realName": "Cochabamba"},
        {"character": "Punata", "realName": "Cochabamba"},
        {"character": "Quillacollo", "realName": "Cochabamba"},
        {"character": "Tapacarí", "realName": "Cochabamba"},
        {"character": "Bolívar", "realName": "Cochabamba"},
        {"character": "Tiraque", "realName": "Cochabamba"}
    ],
    "Chuquisaca": 
    [
        {"character": "Camataqui", "realName": "Nor Cinti"},
        {"character": "Villa Charcas ", "realName": "Nor Cinti"},
        {"character": "Incahuasi", "realName": "Nor Cinti"},
        {"character": "San Lucas", "realName": "Nor Cinti"},
        {"character": "Culpina", "realName": "Sud Cinti"},
        {"character": "El Villar", "realName": "Sud Cinti"},
        {"character": "Las Carreras", "realName": "Sud Cinti"},
        {"character": "Huacaya", "realName": "Tomina"},
        {"character": "Padilla", "realName": "Tomina"},
        {"character": "Sopachuy", "realName": "Tomina"},
        {"character": "Tomina", "realName": "Tomina"},
        {"character": "Villa Alcalá", "realName": "Tomina"},
        {"character": "Icla", "realName": "Zudañez"},
        {"character": "Presto", "realName": "Zudañez"},
        {"character": "Villa Mojocoya", "realName": "Zudañez"},
        {"character": "Villa Zudáñez", "realName": "Zudañez"},
        {"character": "Monteagudo", "realName": "Hernando Siles"},
        {"character": "San Pablo de Huacareta", "realName": "Hernando Siles"},
        {"character": "Yotala", "realName": "Oropeza"},
        {"character": "Poroma", "realName": "Oropeza"},
        {"character": "Sucre", "realName": "Oropeza"},
        {"character": "Tarabuco", "realName": "Yamparáez"},
        {"character": "Yamparáez", "realName": "Yamparáez"},
        {"character": "Tarvita", "realName": "Azurduy"},
        {"character": "Villa Azurduy", "realName": "Azurduy"},
        {"character": "Macharetí", "realName": "Luis Calvo"},
        {"character": "Villa Vaca Guzmán", "realName": "Luis Calvo"},
        {"character": "Villa Serrano", "realName": "Belisario Boeto"}
        
    ],
    "Beni": 
    [
        {"character": "San Javier", "realName": "Trinidad"},
        {"character": "Riberalta", "realName": "Trinidad"},
        {"character": "Santos Reyes", "realName": "Trinidad"},
        {"character": "Santa Ana de Yacuma", "realName": "Trinidad"},
        {"character": "San Ignacio de Moxos", "realName": "Trinidad"},
        {"character": "Loreto", "realName": "Trinidad"},
        {"character": "San Joaquín", "realName": "Trinidad"},
        {"character": "Magdalena", "realName": "Trinidad"}
    ],
    "Tarija": 
    [
        {"character": "Padcaya", "realName": "Tarija"},
        {"character": "Entre Ríos", "realName": "Tarija"},
        {"character": "Tarija", "realName": "Tarija"},
        {"character": "San Lorenzo", "realName": "Tarija"},
        {"character": "Yacuiba", "realName": "Tarija"},
        {"character": "Uriondo", "realName": "Tarija"}
    ],
    "Beni": 
    [
        {"character": "San Javier", "realName": "Santa Cruz de la Sierra"},
        {"character": "Riberalta", "realName": "Santa Cruz de la Sierra"},
    ]
}